"flight_date","airport_code","uni_dep_connections","uni_arr_connections","planned_flights","total_cancellations","total_diverted","occurred_flights","avg_unique_airplanes","avg_unique_airlines","min_temp_c","max_temp_c","precipitation_mm","max_snow_mm","avg_wind_direction","avg_wind_speed_kmh","wind_peakgust_kmh","city","country","name"
2014-01-01,BWI,61,61,422,5,1,417,181.0,9.0,-4.9,6.7,0.0,0,,5.8,,Baltimore,United States,Baltimore/Washington International Thurgood Marshall Airport
2014-01-02,BWI,61,61,512,62,3,450,208.5,9.0,-2.1,2.2,9.9,0,,11.5,,Baltimore,United States,Baltimore/Washington International Thurgood Marshall Airport
2014-01-03,BWI,61,61,508,78,3,430,200.5,9.0,-12.7,-2.7,1.3,10,,16.9,,Baltimore,United States,Baltimore/Washington International Thurgood Marshall Airport
2014-01-04,BWI,61,61,421,28,0,393,179.0,9.0,-14.3,0.0,0.0,8,,4.3,,Baltimore,United States,Baltimore/Washington International Thurgood Marshall Airport
2014-01-05,BWI,61,61,466,44,4,422,187.0,9.0,-8.2,2.8,2.8,5,,5.4,,Baltimore,United States,Baltimore/Washington International Thurgood Marshall Airport
2014-01-06,BWI,61,61,498,64,4,434,203.5,9.0,-13.2,7.2,3.8,0,,24.5,,Baltimore,United States,Baltimore/Washington International Thurgood Marshall Airport
2014-01-07,BWI,61,61,480,53,3,427,192.0,9.0,-16.0,-8.8,0.0,0,,20.5,,Baltimore,United States,Baltimore/Washington International Thurgood Marshall Airport
2014-01-08,BWI,61,61,483,9,1,474,201.0,9.0,-14.3,-1.6,0.0,0,,3.6,,Baltimore,United States,Baltimore/Washington International Thurgood Marshall Airport
2014-01-09,BWI,61,61,486,7,0,479,204.5,9.0,-3.8,2.2,0.0,0,,4.7,,Baltimore,United States,Baltimore/Washington International Thurgood Marshall Airport
2014-01-10,BWI,61,61,487,6,2,481,206.5,9.0,-1.6,2.8,13.5,0,,4.3,,Baltimore,United States,Baltimore/Washington International Thurgood Marshall Airport
2014-01-11,BWI,59,59,370,11,4,359,159.0,8.0,1.7,13.9,19.1,0,,7.2,,Baltimore,United States,Baltimore/Washington International Thurgood Marshall Airport
2014-01-12,BWI,61,61,416,1,0,415,183.5,9.0,-1.6,10.6,0.0,0,,14.8,,Baltimore,United States,Baltimore/Washington International Thurgood Marshall Airport
2014-01-13,BWI,61,61,484,3,0,481,202.0,9.0,-3.8,14.4,0.0,0,,6.1,,Baltimore,United States,Baltimore/Washington International Thurgood Marshall Airport
2014-01-14,BWI,61,61,474,12,1,462,199.0,9.0,2.2,11.7,7.1,0,,6.8,,Baltimore,United States,Baltimore/Washington International Thurgood Marshall Airport
2014-01-15,BWI,61,61,481,8,0,473,202.5,9.0,0.0,7.2,0.0,0,,4.3,,Baltimore,United States,Baltimore/Washington International Thurgood Marshall Airport
2014-01-16,BWI,61,61,486,1,0,485,207.5,9.0,-3.8,4.4,0.0,0,,6.8,,Baltimore,United States,Baltimore/Washington International Thurgood Marshall Airport
2014-01-17,BWI,61,61,487,1,1,486,204.5,9.0,-4.9,6.7,0.0,0,,4.7,,Baltimore,United States,Baltimore/Washington International Thurgood Marshall Airport
2014-01-18,BWI,59,59,370,3,3,367,160.5,8.0,-6.6,1.7,0.0,0,,18.7,,Baltimore,United States,Baltimore/Washington International Thurgood Marshall Airport
2014-01-19,BWI,61,61,412,0,0,412,182.5,9.0,-6.6,8.3,0.0,0,,10.4,,Baltimore,United States,Baltimore/Washington International Thurgood Marshall Airport
2014-01-20,BWI,61,61,482,4,0,478,204.5,9.0,0.6,11.7,0.0,0,,11.5,,Baltimore,United States,Baltimore/Washington International Thurgood Marshall Airport
2014-01-21,BWI,61,61,476,215,6,261,184.5,9.0,-9.9,3.9,10.7,0,,16.9,,Baltimore,United States,Baltimore/Washington International Thurgood Marshall Airport
2014-01-22,BWI,61,61,481,29,1,452,197.5,9.0,-15.5,-9.3,0.0,10,,17.6,,Baltimore,United States,Baltimore/Washington International Thurgood Marshall Airport
2014-01-23,BWI,61,61,486,5,0,481,202.5,9.0,-16.0,-4.3,0.0,5,,13.7,,Baltimore,United States,Baltimore/Washington International Thurgood Marshall Airport
2014-01-24,BWI,61,61,487,10,3,477,204.0,9.0,-14.3,-6.6,0.0,5,,13.3,,Baltimore,United States,Baltimore/Washington International Thurgood Marshall Airport
2014-01-25,BWI,59,59,370,5,0,365,163.0,8.0,-7.1,-0.5,0.0,3,,15.5,,Baltimore,United States,Baltimore/Washington International Thurgood Marshall Airport
2014-01-26,BWI,61,61,416,6,0,410,182.5,9.0,-10.5,-1.0,0.0,3,,7.9,,Baltimore,United States,Baltimore/Washington International Thurgood Marshall Airport
2014-01-27,BWI,61,61,484,9,0,475,204.0,9.0,-7.1,8.3,0.0,3,,16.2,,Baltimore,United States,Baltimore/Washington International Thurgood Marshall Airport
2014-01-28,BWI,61,61,474,50,2,424,195.5,9.0,-11.6,-7.1,0.0,0,,11.5,,Baltimore,United States,Baltimore/Washington International Thurgood Marshall Airport
2014-01-29,BWI,61,61,481,60,3,421,196.5,9.0,-12.7,-5.5,0.8,0,,11.2,,Baltimore,United States,Baltimore/Washington International Thurgood Marshall Airport
2014-01-30,BWI,61,61,486,29,0,457,203.5,9.0,-14.9,-1.6,0.0,0,,4.7,,Baltimore,United States,Baltimore/Washington International Thurgood Marshall Airport
2014-01-31,BWI,61,61,487,17,2,470,203.5,9.0,-8.2,9.4,0.0,0,,2.2,,Baltimore,United States,Baltimore/Washington International Thurgood Marshall Airport
2014-02-01,BWI,59,59,368,13,0,355,158.0,8.0,-3.8,8.9,0.0,0,,5.4,,Baltimore,United States,Baltimore/Washington International Thurgood Marshall Airport
2014-02-02,BWI,60,59,371,4,0,367,169.5,9.0,-2.1,13.9,0.0,0,,4.0,,Baltimore,United States,Baltimore/Washington International Thurgood Marshall Airport
2014-02-03,BWI,61,61,485,16,1,469,206.5,9.0,-0.5,7.8,34.0,0,,13.3,,Baltimore,United States,Baltimore/Washington International Thurgood Marshall Airport
2014-02-04,BWI,61,61,476,36,1,440,201.0,9.0,-3.8,1.7,0.8,0,,7.2,,Baltimore,United States,Baltimore/Washington International Thurgood Marshall Airport
2014-02-05,BWI,61,61,483,87,0,396,197.5,9.0,-1.0,5.0,14.5,0,,14.8,,Baltimore,United States,Baltimore/Washington International Thurgood Marshall Airport
2014-02-06,BWI,61,61,486,11,0,475,207.0,9.0,-3.2,1.7,0.0,0,,11.5,,Baltimore,United States,Baltimore/Washington International Thurgood Marshall Airport
2014-02-07,BWI,61,61,487,6,3,481,205.0,9.0,-5.5,5.6,0.0,0,,4.0,,Baltimore,United States,Baltimore/Washington International Thurgood Marshall Airport
2014-02-08,BWI,59,59,370,1,0,369,161.5,8.0,-5.5,0.0,0.0,0,,4.0,,Baltimore,United States,Baltimore/Washington International Thurgood Marshall Airport
2014-02-09,BWI,61,61,416,2,0,414,184.5,9.0,-6.6,-0.5,1.3,0,,4.7,,Baltimore,United States,Baltimore/Washington International Thurgood Marshall Airport
2014-02-10,BWI,61,61,484,3,0,481,203.0,9.0,-7.1,-1.0,0.0,3,,11.2,,Baltimore,United States,Baltimore/Washington International Thurgood Marshall Airport
2014-02-11,BWI,61,61,476,19,2,457,199.5,9.0,-9.9,-1.0,0.0,0,,7.2,,Baltimore,United States,Baltimore/Washington International Thurgood Marshall Airport
2014-02-12,BWI,61,61,487,101,9,386,197.5,9.0,-9.3,-2.7,2.3,0,,13.7,,Baltimore,United States,Baltimore/Washington International Thurgood Marshall Airport
2014-02-13,BWI,61,61,489,445,5,44,176.0,9.0,-4.3,2.8,45.0,23,,20.5,,Baltimore,United States,Baltimore/Washington International Thurgood Marshall Airport
2014-02-14,BWI,61,61,503,50,1,453,199.5,9.0,-1.0,7.8,0.0,20,,13.0,,Baltimore,United States,Baltimore/Washington International Thurgood Marshall Airport
2014-02-15,BWI,61,61,426,32,0,394,186.0,9.0,-2.7,2.2,1.5,13,,19.8,,Baltimore,United States,Baltimore/Washington International Thurgood Marshall Airport
2014-02-16,BWI,61,61,453,12,0,441,190.5,9.0,-6.0,2.2,0.0,5,,12.2,,Baltimore,United States,Baltimore/Washington International Thurgood Marshall Airport
2014-02-17,BWI,61,61,502,18,1,484,211.5,9.0,-7.1,1.1,0.0,5,,7.6,,Baltimore,United States,Baltimore/Washington International Thurgood Marshall Airport
2014-02-18,BWI,61,61,497,15,2,482,210.5,9.0,-3.2,10.6,2.3,8,,6.5,,Baltimore,United States,Baltimore/Washington International Thurgood Marshall Airport
2014-02-19,BWI,61,61,495,1,0,494,211.0,9.0,-2.7,13.9,2.8,5,,9.4,,Baltimore,United States,Baltimore/Washington International Thurgood Marshall Airport
2014-02-20,BWI,61,61,503,10,0,493,214.0,9.0,-2.1,11.1,0.0,0,,5.8,,Baltimore,United States,Baltimore/Washington International Thurgood Marshall Airport
2014-02-21,BWI,61,61,501,14,5,487,208.0,9.0,0.0,17.2,9.1,0,,4.3,,Baltimore,United States,Baltimore/Washington International Thurgood Marshall Airport
2014-02-22,BWI,61,61,425,3,0,422,190.0,9.0,-2.7,16.1,0.0,0,,8.6,,Baltimore,United States,Baltimore/Washington International Thurgood Marshall Airport
2014-02-23,BWI,61,61,455,0,0,455,191.0,9.0,6.1,15.6,0.0,0,,10.8,,Baltimore,United States,Baltimore/Washington International Thurgood Marshall Airport
2014-02-24,BWI,61,61,502,3,0,499,211.5,9.0,-3.8,6.7,0.3,0,,18.4,,Baltimore,United States,Baltimore/Washington International Thurgood Marshall Airport
2014-02-25,BWI,61,61,493,1,0,492,212.5,9.0,-4.9,1.7,1.5,0,,6.1,,Baltimore,United States,Baltimore/Washington International Thurgood Marshall Airport
2014-02-26,BWI,61,61,496,4,0,492,210.5,9.0,-6.6,2.2,1.0,0,,10.4,,Baltimore,United States,Baltimore/Washington International Thurgood Marshall Airport
2014-02-27,BWI,61,61,507,4,2,503,216.5,9.0,-9.9,3.3,0.0,0,,16.9,,Baltimore,United States,Baltimore/Washington International Thurgood Marshall Airport
2014-02-28,BWI,61,61,504,1,2,503,215.5,9.0,-11.6,-2.7,0.0,0,,6.5,,Baltimore,United States,Baltimore/Washington International Thurgood Marshall Airport
2014-03-01,BWI,61,61,428,1,2,427,193.0,9.0,-9.9,6.7,0.0,0,,3.6,,Baltimore,United States,Baltimore/Washington International Thurgood Marshall Airport
2014-03-02,BWI,61,61,462,52,2,410,193.0,9.0,-0.5,7.2,7.4,0,,4.7,,Baltimore,United States,Baltimore/Washington International Thurgood Marshall Airport
2014-03-03,BWI,61,61,509,246,0,263,191.5,9.0,-14.9,1.1,16.0,5,,12.2,,Baltimore,United States,Baltimore/Washington International Thurgood Marshall Airport
2014-03-04,BWI,61,61,501,15,0,486,209.0,9.0,-15.5,-1.6,0.0,10,,3.6,,Baltimore,United States,Baltimore/Washington International Thurgood Marshall Airport
2014-03-05,BWI,61,61,503,7,0,496,218.0,9.0,-9.3,6.7,0.0,0,,6.8,,Baltimore,United States,Baltimore/Washington International Thurgood Marshall Airport
2014-03-06,BWI,60,61,499,0,0,499,213.0,9.0,-5.5,-0.5,0.0,0,,17.3,,Baltimore,United States,Baltimore/Washington International Thurgood Marshall Airport
2014-03-07,BWI,60,61,498,0,0,498,213.0,9.0,-1.6,5.6,0.0,0,,15.5,,Baltimore,United States,Baltimore/Washington International Thurgood Marshall Airport
2014-03-08,BWI,61,61,438,0,0,438,191.0,9.0,-3.2,16.7,0.0,0,,9.0,,Baltimore,United States,Baltimore/Washington International Thurgood Marshall Airport
2014-03-09,BWI,60,60,496,2,0,494,210.5,8.0,2.2,9.4,0.0,0,,14.0,,Baltimore,United States,Baltimore/Washington International Thurgood Marshall Airport
2014-03-10,BWI,60,61,531,2,0,529,218.5,9.0,2.8,15.6,0.0,0,,9.0,,Baltimore,United States,Baltimore/Washington International Thurgood Marshall Airport
2014-03-11,BWI,60,61,527,1,0,526,216.5,9.0,5.0,19.4,0.0,0,,4.3,,Baltimore,United States,Baltimore/Washington International Thurgood Marshall Airport
2014-03-12,BWI,60,61,529,28,5,501,217.5,9.0,-0.5,19.4,2.5,0,,15.1,,Baltimore,United States,Baltimore/Washington International Thurgood Marshall Airport
2014-03-13,BWI,60,61,531,4,0,527,215.5,9.0,-6.6,0.6,0.0,0,,29.9,,Baltimore,United States,Baltimore/Washington International Thurgood Marshall Airport
2014-03-14,BWI,60,61,531,1,0,530,216.5,9.0,-5.5,12.8,0.0,0,,10.8,,Baltimore,United States,Baltimore/Washington International Thurgood Marshall Airport
2014-03-15,BWI,60,60,440,0,1,440,190.5,9.0,3.9,18.9,0.0,0,,16.9,,Baltimore,United States,Baltimore/Washington International Thurgood Marshall Airport
2014-03-16,BWI,60,60,494,6,0,488,206.5,8.0,-3.2,7.2,4.8,0,,14.0,,Baltimore,United States,Baltimore/Washington International Thurgood Marshall Airport
2014-03-17,BWI,60,61,534,43,2,491,214.0,9.0,-4.3,-0.5,6.9,18,,14.8,,Baltimore,United States,Baltimore/Washington International Thurgood Marshall Airport
2014-03-18,BWI,60,61,527,5,0,522,216.5,9.0,-1.0,5.0,0.0,13,,15.5,,Baltimore,United States,Baltimore/Washington International Thurgood Marshall Airport
2014-03-19,BWI,60,61,531,4,0,527,216.0,9.0,1.7,5.6,5.8,0,,7.6,,Baltimore,United States,Baltimore/Washington International Thurgood Marshall Airport
2014-03-20,BWI,60,61,532,1,0,531,217.0,9.0,3.3,13.3,0.0,0,,17.3,,Baltimore,United States,Baltimore/Washington International Thurgood Marshall Airport
2014-03-21,BWI,60,61,532,1,2,531,217.5,9.0,-0.5,11.7,1.8,0,,8.6,,Baltimore,United States,Baltimore/Washington International Thurgood Marshall Airport
2014-03-22,BWI,61,61,442,1,0,441,192.0,9.0,1.1,20.6,0.0,0,,9.4,,Baltimore,United States,Baltimore/Washington International Thurgood Marshall Airport
2014-03-23,BWI,60,60,495,0,0,495,207.0,8.0,0.0,8.9,0.0,0,,13.0,,Baltimore,United States,Baltimore/Washington International Thurgood Marshall Airport
2014-03-24,BWI,60,61,531,0,1,531,217.0,9.0,-5.5,3.9,0.0,0,,11.9,,Baltimore,United States,Baltimore/Washington International Thurgood Marshall Airport
2014-03-25,BWI,60,61,527,6,0,521,217.5,9.0,-4.3,1.7,4.1,0,,7.6,,Baltimore,United States,Baltimore/Washington International Thurgood Marshall Airport
2014-03-26,BWI,60,61,529,7,0,522,218.5,9.0,-3.8,2.2,0.0,0,,24.1,,Baltimore,United States,Baltimore/Washington International Thurgood Marshall Airport
2014-03-27,BWI,60,61,531,0,1,531,216.0,9.0,-6.6,6.7,0.0,0,,7.6,,Baltimore,United States,Baltimore/Washington International Thurgood Marshall Airport
2014-03-28,BWI,60,61,531,3,1,528,219.5,9.0,1.7,18.9,1.3,0,,14.8,,Baltimore,United States,Baltimore/Washington International Thurgood Marshall Airport
2014-03-29,BWI,60,60,438,5,0,433,188.0,9.0,10.0,15.6,25.1,0,,11.5,,Baltimore,United States,Baltimore/Washington International Thurgood Marshall Airport
2014-03-30,BWI,60,60,495,8,0,487,208.5,8.0,0.6,13.3,35.6,0,,18.4,,Baltimore,United States,Baltimore/Washington International Thurgood Marshall Airport
2014-03-31,BWI,60,61,529,2,0,527,217.0,9.0,3.9,18.3,0.0,0,,17.3,,Baltimore,United States,Baltimore/Washington International Thurgood Marshall Airport
2014-01-01,CLT,55,56,584,10,1,574,190.5,9.0,-1.6,10.0,0.0,0,,5.0,,Charlotte,United States,Charlotte Douglas International Airport
2014-01-02,CLT,55,56,665,57,0,608,199.5,9.0,1.1,8.9,5.3,0,,9.7,,Charlotte,United States,Charlotte Douglas International Airport
2014-01-03,CLT,55,56,664,79,0,585,198.0,9.0,-6.0,2.2,0.0,0,,18.0,,Charlotte,United States,Charlotte Douglas International Airport
2014-01-04,CLT,55,54,540,16,0,524,182.5,7.0,-9.3,2.2,0.0,0,,3.6,,Charlotte,United States,Charlotte Douglas International Airport
2014-01-05,CLT,56,54,636,45,4,591,193.0,9.0,0.6,5.6,7.4,0,,7.2,,Charlotte,United States,Charlotte Douglas International Airport
2014-01-06,CLT,58,57,691,75,2,616,203.0,9.0,-11.0,6.7,2.8,0,,16.2,,Charlotte,United States,Charlotte Douglas International Airport
2014-01-07,CLT,57,58,600,53,0,547,193.0,9.0,-14.3,-3.2,0.0,0,,7.6,,Charlotte,United States,Charlotte Douglas International Airport
2014-01-08,CLT,59,59,674,15,1,659,201.5,9.0,-10.5,7.2,0.0,0,,6.1,,Charlotte,United States,Charlotte Douglas International Airport
2014-01-09,CLT,60,60,686,9,0,677,206.5,9.0,-6.0,11.1,0.0,0,,4.7,,Charlotte,United States,Charlotte Douglas International Airport
2014-01-10,CLT,60,60,687,9,0,678,207.5,9.0,3.3,7.2,16.3,0,,11.2,,Charlotte,United States,Charlotte Douglas International Airport
2014-01-11,CLT,55,57,525,20,0,505,178.5,7.0,5.6,18.3,35.3,0,,13.7,,Charlotte,United States,Charlotte Douglas International Airport
2014-01-12,CLT,58,57,597,11,1,586,191.0,9.0,1.7,15.6,0.0,0,,7.6,,Charlotte,United States,Charlotte Douglas International Airport
2014-01-13,CLT,57,58,610,4,0,606,196.5,9.0,1.1,13.9,2.0,0,,8.6,,Charlotte,United States,Charlotte Douglas International Airport
2014-01-14,CLT,57,58,598,3,1,595,193.0,9.0,2.2,15.6,2.0,0,,3.6,,Charlotte,United States,Charlotte Douglas International Airport
2014-01-15,CLT,59,59,674,6,2,668,205.0,9.0,-3.2,14.4,0.0,0,,7.9,,Charlotte,United States,Charlotte Douglas International Airport
2014-01-16,CLT,60,60,684,6,0,678,205.0,9.0,-4.9,7.2,0.0,0,,7.9,,Charlotte,United States,Charlotte Douglas International Airport
2014-01-17,CLT,60,60,684,6,0,678,209.0,9.0,-2.1,11.7,0.0,0,,12.6,,Charlotte,United States,Charlotte Douglas International Airport
2014-01-18,CLT,55,56,522,6,0,516,178.0,7.0,-3.2,5.0,0.0,0,,12.2,,Charlotte,United States,Charlotte Douglas International Airport
2014-01-19,CLT,58,57,593,3,0,590,190.5,9.0,0.6,12.8,0.0,0,,12.6,,Charlotte,United States,Charlotte Douglas International Airport
2014-01-20,CLT,57,58,605,2,2,603,197.0,9.0,-1.0,18.9,0.0,0,,9.4,,Charlotte,United States,Charlotte Douglas International Airport
2014-01-21,CLT,57,58,598,74,1,524,179.0,9.0,-1.6,12.2,0.0,0,,14.0,,Charlotte,United States,Charlotte Douglas International Airport
2014-01-22,CLT,59,59,674,45,0,629,196.5,9.0,-6.6,2.2,0.0,0,,10.1,,Charlotte,United States,Charlotte Douglas International Airport
2014-01-23,CLT,60,60,684,8,0,676,206.5,9.0,-8.2,5.0,0.0,0,,10.8,,Charlotte,United States,Charlotte Douglas International Airport
2014-01-24,CLT,60,60,684,22,0,662,204.5,9.0,-13.2,-2.1,0.0,0,,11.5,,Charlotte,United States,Charlotte Douglas International Airport
2014-01-25,CLT,55,57,525,3,1,522,177.0,7.0,-8.8,5.0,0.0,0,,23.0,,Charlotte,United States,Charlotte Douglas International Airport
2014-01-26,CLT,58,57,597,9,0,588,190.5,9.0,-5.5,11.7,0.0,0,,11.2,,Charlotte,United States,Charlotte Douglas International Airport
2014-01-27,CLT,57,58,610,15,1,595,196.0,9.0,3.3,17.8,0.0,0,,13.7,,Charlotte,United States,Charlotte Douglas International Airport
2014-01-28,CLT,57,58,598,127,12,471,186.5,9.0,-6.6,3.3,2.8,0,,17.6,,Charlotte,United States,Charlotte Douglas International Airport
2014-01-29,CLT,59,59,675,56,0,619,197.5,9.0,-8.8,-1.6,0.0,3,,8.3,,Charlotte,United States,Charlotte Douglas International Airport
2014-01-30,CLT,60,60,690,28,1,662,203.5,9.0,-14.9,3.9,0.0,0,,3.2,,Charlotte,United States,Charlotte Douglas International Airport
2014-01-31,CLT,60,60,691,7,1,684,205.0,9.0,-10.5,13.9,0.0,0,,5.4,,Charlotte,United States,Charlotte Douglas International Airport
2014-02-01,CLT,55,57,527,10,1,517,182.0,7.0,-6.0,15.0,0.0,0,,5.4,,Charlotte,United States,Charlotte Douglas International Airport
2014-02-02,CLT,58,57,588,12,0,576,184.0,8.0,3.3,20.0,0.0,0,,11.9,,Charlotte,United States,Charlotte Douglas International Airport
2014-02-03,CLT,57,58,619,49,1,570,198.5,9.0,7.8,22.2,2.3,0,,18.4,,Charlotte,United States,Charlotte Douglas International Airport
2014-02-04,CLT,57,58,600,21,0,579,193.0,9.0,2.8,7.8,4.8,0,,13.3,,Charlotte,United States,Charlotte Douglas International Airport
2014-02-05,CLT,59,59,676,60,0,616,197.0,9.0,3.3,15.6,2.5,0,,10.1,,Charlotte,United States,Charlotte Douglas International Airport
2014-02-06,CLT,60,60,686,19,0,667,204.5,9.0,-1.0,5.6,0.0,0,,8.3,,Charlotte,United States,Charlotte Douglas International Airport
2014-02-07,CLT,60,60,686,2,0,684,207.0,9.0,-1.6,10.6,0.0,0,,4.3,,Charlotte,United States,Charlotte Douglas International Airport
2014-02-08,CLT,55,57,523,4,0,519,180.5,7.0,2.8,13.9,0.0,0,,4.7,,Charlotte,United States,Charlotte Douglas International Airport
2014-02-09,CLT,58,57,597,3,0,594,192.5,9.0,2.2,15.6,0.0,0,,10.4,,Charlotte,United States,Charlotte Douglas International Airport
2014-02-10,CLT,57,58,612,8,0,604,201.0,9.0,0.0,8.9,1.3,0,,11.2,,Charlotte,United States,Charlotte Douglas International Airport
2014-02-11,CLT,58,59,601,129,14,472,186.0,9.0,-1.0,1.7,3.3,0,,11.5,,Charlotte,United States,Charlotte Douglas International Airport
2014-02-12,CLT,58,60,677,325,11,352,166.0,10.0,-4.9,-1.0,25.4,3,,17.3,,Charlotte,United States,Charlotte Douglas International Airport
2014-02-13,CLT,57,58,671,615,12,56,80.0,9.0,-3.2,8.3,15.2,13,,13.3,,Charlotte,United States,Charlotte Douglas International Airport
2014-02-14,CLT,56,57,670,165,0,505,191.0,8.0,-1.0,11.7,0.0,15,,10.4,,Charlotte,United States,Charlotte Douglas International Airport
2014-02-15,CLT,52,55,519,49,0,470,173.0,8.0,-2.1,8.9,3.8,5,,13.0,,Charlotte,United States,Charlotte Douglas International Airport
2014-02-16,CLT,56,56,613,19,1,594,188.5,9.0,-1.0,13.9,0.0,0,,7.6,,Charlotte,United States,Charlotte Douglas International Airport
2014-02-17,CLT,56,57,670,18,0,652,204.0,9.0,0.6,9.4,0.0,0,,10.8,,Charlotte,United States,Charlotte Douglas International Airport
2014-02-18,CLT,55,57,666,15,0,651,204.5,8.0,-2.1,18.3,0.0,0,,6.5,,Charlotte,United States,Charlotte Douglas International Airport
2014-02-19,CLT,56,57,667,2,1,665,205.0,10.0,8.9,24.4,36.6,0,,11.5,,Charlotte,United States,Charlotte Douglas International Airport
2014-02-20,CLT,57,58,672,14,0,658,209.0,9.0,12.2,25.0,0.0,0,,14.8,,Charlotte,United States,Charlotte Douglas International Airport
2014-02-21,CLT,56,57,670,40,1,630,205.0,8.0,5.6,18.9,6.6,0,,17.3,,Charlotte,United States,Charlotte Douglas International Airport
2014-02-22,CLT,53,55,517,6,0,511,176.0,8.0,0.6,17.8,0.0,0,,7.2,,Charlotte,United States,Charlotte Douglas International Airport
2014-02-23,CLT,57,56,620,3,0,617,194.5,9.0,3.9,20.0,0.0,0,,9.7,,Charlotte,United States,Charlotte Douglas International Airport
2014-02-24,CLT,56,57,671,3,1,668,209.0,9.0,5.0,18.9,0.0,0,,9.4,,Charlotte,United States,Charlotte Douglas International Airport
2014-02-25,CLT,55,56,663,4,0,659,204.5,9.0,1.7,17.8,0.0,0,,9.4,,Charlotte,United States,Charlotte Douglas International Airport
2014-02-26,CLT,56,57,667,5,0,662,205.0,10.0,1.1,10.6,0.0,0,,10.8,,Charlotte,United States,Charlotte Douglas International Airport
2014-02-27,CLT,57,58,672,4,1,668,202.0,9.0,-1.6,13.9,0.0,0,,8.3,,Charlotte,United States,Charlotte Douglas International Airport
2014-02-28,CLT,56,57,670,7,1,663,207.5,8.0,-1.6,10.0,0.0,0,,14.4,,Charlotte,United States,Charlotte Douglas International Airport
2014-03-01,CLT,52,55,515,3,0,512,176.5,8.0,-0.5,13.3,0.0,0,,6.8,,Charlotte,United States,Charlotte Douglas International Airport
2014-03-02,CLT,56,56,621,42,3,579,200.5,9.0,0.0,22.8,0.0,0,,12.2,,Charlotte,United States,Charlotte Douglas International Airport
2014-03-03,CLT,56,57,667,88,0,579,195.0,9.0,-2.7,16.7,3.8,0,,19.8,,Charlotte,United States,Charlotte Douglas International Airport
2014-03-04,CLT,55,56,660,12,1,648,200.0,9.0,-6.6,5.0,0.0,0,,13.7,,Charlotte,United States,Charlotte Douglas International Airport
2014-03-05,CLT,56,57,665,10,0,655,206.0,10.0,-0.5,12.2,0.0,0,,8.6,,Charlotte,United States,Charlotte Douglas International Airport
2014-03-06,CLT,58,58,659,4,1,655,204.0,9.0,0.6,5.0,19.1,0,,22.0,,Charlotte,United States,Charlotte Douglas International Airport
2014-03-07,CLT,57,57,658,6,0,652,202.0,8.0,0.0,7.2,35.1,0,,21.2,,Charlotte,United States,Charlotte Douglas International Airport
2014-03-08,CLT,55,56,540,3,0,537,182.5,8.0,-0.5,20.0,0.0,0,,6.5,,Charlotte,United States,Charlotte Douglas International Airport
2014-03-09,CLT,58,58,603,7,0,596,197.0,9.0,3.9,21.7,0.0,0,,5.8,,Charlotte,United States,Charlotte Douglas International Airport
2014-03-10,CLT,56,56,655,0,2,655,205.5,9.0,0.0,23.3,0.0,0,,7.2,,Charlotte,United States,Charlotte Douglas International Airport
2014-03-11,CLT,54,54,642,2,0,640,199.0,8.0,4.4,25.6,0.0,0,,7.2,,Charlotte,United States,Charlotte Douglas International Airport
2014-03-12,CLT,57,57,657,28,4,629,203.0,9.0,6.1,23.9,1.3,0,,24.1,,Charlotte,United States,Charlotte Douglas International Airport
2014-03-13,CLT,58,58,660,9,0,651,201.5,9.0,-1.6,10.6,0.0,0,,13.7,,Charlotte,United States,Charlotte Douglas International Airport
2014-03-14,CLT,57,57,658,4,0,654,203.0,8.0,-3.2,17.2,0.0,0,,13.0,,Charlotte,United States,Charlotte Douglas International Airport
2014-03-15,CLT,55,56,535,0,2,535,178.5,8.0,7.8,22.8,0.0,0,,10.4,,Charlotte,United States,Charlotte Douglas International Airport
2014-03-16,CLT,58,58,629,6,0,623,202.5,9.0,5.6,12.8,29.2,0,,11.9,,Charlotte,United States,Charlotte Douglas International Airport
2014-03-17,CLT,56,56,679,19,2,660,205.0,9.0,0.0,5.6,11.7,0,,16.9,,Charlotte,United States,Charlotte Douglas International Airport
2014-03-18,CLT,54,54,642,6,1,636,197.0,8.0,-0.5,5.6,0.0,0,,15.5,,Charlotte,United States,Charlotte Douglas International Airport
2014-03-19,CLT,57,57,657,3,0,654,204.0,9.0,3.9,10.6,0.5,0,,7.6,,Charlotte,United States,Charlotte Douglas International Airport
2014-03-20,CLT,58,58,684,3,0,681,209.5,9.0,3.9,20.6,0.0,0,,7.6,,Charlotte,United States,Charlotte Douglas International Airport
2014-03-21,CLT,57,57,682,13,0,669,206.5,8.0,-1.0,20.6,0.0,0,,7.9,,Charlotte,United States,Charlotte Douglas International Airport
2014-03-22,CLT,55,56,537,0,0,537,181.5,8.0,6.1,23.3,0.0,0,,9.7,,Charlotte,United States,Charlotte Douglas International Airport
2014-03-23,CLT,58,58,607,0,0,607,197.5,9.0,0.6,15.6,2.8,0,,8.3,,Charlotte,United States,Charlotte Douglas International Airport
2014-03-24,CLT,56,56,655,3,0,652,199.0,9.0,-1.6,12.8,0.0,0,,9.7,,Charlotte,United States,Charlotte Douglas International Airport
2014-03-25,CLT,54,54,642,4,0,638,196.0,8.0,0.6,10.0,2.0,0,,14.0,,Charlotte,United States,Charlotte Douglas International Airport
2014-03-26,CLT,57,57,657,3,0,654,204.0,9.0,-4.3,10.6,0.0,0,,7.6,,Charlotte,United States,Charlotte Douglas International Airport
2014-03-27,CLT,58,58,660,6,0,654,203.0,9.0,-4.3,16.7,0.0,0,,14.4,,Charlotte,United States,Charlotte Douglas International Airport
2014-03-28,CLT,57,57,659,1,1,658,206.5,8.0,8.9,17.8,3.8,0,,9.7,,Charlotte,United States,Charlotte Douglas International Airport
2014-03-29,CLT,56,57,540,5,0,535,184.5,8.0,10.0,20.0,4.6,0,,15.1,,Charlotte,United States,Charlotte Douglas International Airport
2014-03-30,CLT,58,58,605,19,0,586,192.5,9.0,2.2,15.6,0.0,0,,18.4,,Charlotte,United States,Charlotte Douglas International Airport
2014-03-31,CLT,56,56,653,11,0,642,200.5,9.0,1.7,23.9,0.0,0,,4.7,,Charlotte,United States,Charlotte Douglas International Airport
2014-01-01,DCA,34,34,283,15,0,268,122.0,13.0,-1.0,8.9,0.0,0,,7.6,,Washington,United States,Ronald Reagan Washington National Airport
2014-01-02,DCA,36,36,348,45,3,303,146.5,13.0,0.6,3.9,8.6,0,,10.8,,Washington,United States,Ronald Reagan Washington National Airport
2014-01-03,DCA,35,35,346,61,1,285,138.5,12.0,-7.7,0.6,0.0,5,,27.0,,Washington,United States,Ronald Reagan Washington National Airport
2014-01-04,DCA,35,34,275,15,0,260,121.5,13.0,-8.2,1.1,0.0,3,,10.8,,Washington,United States,Ronald Reagan Washington National Airport
2014-01-05,DCA,36,34,345,55,2,290,135.0,13.0,-0.5,5.6,2.8,3,,6.8,,Washington,United States,Ronald Reagan Washington National Airport
2014-01-06,DCA,36,35,385,69,1,316,150.0,13.0,-11.6,9.4,3.3,0,,23.4,,Washington,United States,Ronald Reagan Washington National Airport
2014-01-07,DCA,37,38,401,47,0,354,153.5,12.5,-14.3,-6.0,0.0,0,,18.0,,Washington,United States,Ronald Reagan Washington National Airport
2014-01-08,DCA,37,37,405,10,0,395,155.0,13.0,-10.5,-0.5,0.0,0,,7.6,,Washington,United States,Ronald Reagan Washington National Airport
2014-01-09,DCA,37,37,410,6,0,404,154.0,12.0,-1.6,5.0,0.0,0,,6.8,,Washington,United States,Ronald Reagan Washington National Airport
2014-01-10,DCA,37,37,410,21,0,389,154.0,12.0,-2.1,3.9,14.5,0,,5.0,,Washington,United States,Ronald Reagan Washington National Airport
2014-01-11,DCA,34,36,255,13,3,242,111.5,12.0,2.8,14.4,22.1,0,,9.7,,Washington,United States,Ronald Reagan Washington National Airport
2014-01-12,DCA,37,35,366,4,0,362,146.5,12.0,2.2,12.2,0.0,0,,15.1,,Washington,United States,Ronald Reagan Washington National Airport
2014-01-13,DCA,37,37,406,3,0,403,151.0,12.0,0.0,16.1,0.0,0,,11.5,,Washington,United States,Ronald Reagan Washington National Airport
2014-01-14,DCA,37,37,393,1,4,392,147.5,12.5,5.0,12.2,8.9,0,,12.2,,Washington,United States,Ronald Reagan Washington National Airport
2014-01-15,DCA,37,37,404,15,1,389,153.0,13.0,3.9,10.0,0.0,0,,13.3,,Washington,United States,Ronald Reagan Washington National Airport
2014-01-16,DCA,37,37,410,3,0,407,154.0,12.0,1.1,5.6,0.0,0,,13.3,,Washington,United States,Ronald Reagan Washington National Airport
2014-01-17,DCA,37,37,410,3,0,407,153.0,12.0,-0.5,9.4,0.0,0,,10.1,,Washington,United States,Ronald Reagan Washington National Airport
2014-01-18,DCA,34,36,251,1,0,250,111.0,12.0,-3.8,4.4,0.0,0,,20.9,,Washington,United States,Ronald Reagan Washington National Airport
2014-01-19,DCA,37,35,326,9,0,317,133.5,12.0,-3.8,10.6,0.0,0,,14.8,,Washington,United States,Ronald Reagan Washington National Airport
2014-01-20,DCA,37,37,384,3,0,381,144.0,12.0,3.3,15.0,0.0,0,,13.7,,Washington,United States,Ronald Reagan Washington National Airport
2014-01-21,DCA,37,37,393,161,6,232,134.5,12.5,-8.2,5.0,4.6,0,,24.1,,Washington,United States,Ronald Reagan Washington National Airport
2014-01-22,DCA,37,37,404,75,0,329,148.0,13.0,-12.7,-7.1,0.0,10,,24.5,,Washington,United States,Ronald Reagan Washington National Airport
2014-01-23,DCA,37,37,410,5,0,405,153.0,12.0,-11.0,-2.1,0.0,8,,14.4,,Washington,United States,Ronald Reagan Washington National Airport
2014-01-24,DCA,37,37,410,14,0,396,150.5,12.0,-11.6,-4.3,0.0,8,,18.0,,Washington,United States,Ronald Reagan Washington National Airport
2014-01-25,DCA,34,36,255,5,0,250,115.0,12.0,-5.5,1.7,0.0,5,,27.4,,Washington,United States,Ronald Reagan Washington National Airport
2014-01-26,DCA,37,35,366,10,0,356,148.0,12.0,-7.1,1.7,0.0,3,,9.4,,Washington,United States,Ronald Reagan Washington National Airport
2014-01-27,DCA,37,37,406,10,0,396,150.0,12.0,-4.9,12.2,0.0,0,,24.1,,Washington,United States,Ronald Reagan Washington National Airport
2014-01-28,DCA,37,37,393,41,2,352,148.0,12.5,-10.5,-4.9,0.0,0,,17.3,,Washington,United States,Ronald Reagan Washington National Airport
2014-01-29,DCA,37,37,404,46,0,358,155.5,13.0,-10.5,-3.2,0.8,3,,15.1,,Washington,United States,Ronald Reagan Washington National Airport
2014-01-30,DCA,37,37,410,25,1,385,154.0,12.0,-8.8,1.1,0.0,0,,9.7,,Washington,United States,Ronald Reagan Washington National Airport
2014-01-31,DCA,37,37,410,11,0,399,152.5,12.0,-3.8,10.6,0.0,0,,6.1,,Washington,United States,Ronald Reagan Washington National Airport
2014-02-01,DCA,35,37,254,4,0,250,114.0,12.0,-2.1,11.7,0.0,0,,5.0,,Washington,United States,Ronald Reagan Washington National Airport
2014-02-02,DCA,38,36,351,11,1,340,139.5,12.0,1.1,17.8,0.0,0,,5.8,,Washington,United States,Ronald Reagan Washington National Airport
2014-02-03,DCA,38,38,405,48,0,357,149.0,12.0,1.1,10.0,37.6,0,,21.2,,Washington,United States,Ronald Reagan Washington National Airport
2014-02-04,DCA,38,38,398,34,0,364,146.5,12.5,-1.0,3.9,1.3,0,,10.1,,Washington,United States,Ronald Reagan Washington National Airport
2014-02-05,DCA,38,38,405,83,1,322,150.0,13.0,0.6,6.7,8.4,0,,16.6,,Washington,United States,Ronald Reagan Washington National Airport
2014-02-06,DCA,38,38,410,13,0,397,151.5,12.0,-1.0,3.3,0.0,0,,17.6,,Washington,United States,Ronald Reagan Washington National Airport
2014-02-07,DCA,38,38,411,9,1,402,157.5,12.0,-1.6,6.7,0.0,0,,10.8,,Washington,United States,Ronald Reagan Washington National Airport
2014-02-08,DCA,35,37,257,3,0,254,117.5,12.0,-1.6,2.8,0.0,0,,6.8,,Washington,United States,Ronald Reagan Washington National Airport
2014-02-09,DCA,38,36,368,4,0,364,146.0,12.0,-1.6,2.2,0.0,0,,7.2,,Washington,United States,Ronald Reagan Washington National Airport
2014-02-10,DCA,38,38,407,12,0,395,149.5,12.0,-3.8,1.7,0.0,0,,19.1,,Washington,United States,Ronald Reagan Washington National Airport
2014-02-11,DCA,38,38,399,23,3,376,147.5,12.5,-5.5,1.7,0.0,0,,13.3,,Washington,United States,Ronald Reagan Washington National Airport
2014-02-12,DCA,38,38,405,94,3,311,146.5,13.0,-7.1,-0.5,2.3,0,,15.8,,Washington,United States,Ronald Reagan Washington National Airport
2014-02-13,DCA,38,39,418,381,3,37,116.0,12.0,-2.7,3.9,40.9,15,,27.4,,Washington,United States,Ronald Reagan Washington National Airport
2014-02-14,DCA,38,38,419,70,0,349,153.0,12.0,0.6,11.1,0.0,10,,11.9,,Washington,United States,Ronald Reagan Washington National Airport
2014-02-15,DCA,35,36,257,15,1,242,113.5,12.0,-0.5,4.4,1.8,8,,21.6,,Washington,United States,Ronald Reagan Washington National Airport
2014-02-16,DCA,38,37,350,8,0,342,137.0,13.0,-2.7,3.3,0.0,5,,12.2,,Washington,United States,Ronald Reagan Washington National Airport
2014-02-17,DCA,38,38,417,22,1,395,156.0,12.0,-3.8,3.3,0.0,3,,11.5,,Washington,United States,Ronald Reagan Washington National Airport
2014-02-18,DCA,38,38,416,36,0,380,159.0,12.0,-1.0,14.4,1.5,3,,13.0,,Washington,United States,Ronald Reagan Washington National Airport
2014-02-19,DCA,38,39,416,11,0,405,157.0,12.0,1.7,17.2,3.0,0,,14.0,,Washington,United States,Ronald Reagan Washington National Airport
2014-02-20,DCA,39,39,420,7,0,413,157.5,12.0,2.8,13.3,0.0,0,,6.1,,Washington,United States,Ronald Reagan Washington National Airport
2014-02-21,DCA,38,38,418,41,1,377,157.5,12.0,4.4,20.6,0.8,0,,7.9,,Washington,United States,Ronald Reagan Washington National Airport
2014-02-22,DCA,35,36,258,3,0,255,113.5,12.0,1.1,17.8,0.0,0,,14.0,,Washington,United States,Ronald Reagan Washington National Airport
2014-02-23,DCA,39,37,368,4,0,364,144.0,13.0,7.8,17.8,0.0,0,,13.7,,Washington,United States,Ronald Reagan Washington National Airport
2014-02-24,DCA,38,38,418,10,0,408,154.0,12.0,1.1,8.9,0.0,0,,21.6,,Washington,United States,Ronald Reagan Washington National Airport
2014-02-25,DCA,38,38,418,26,0,392,157.0,13.0,-1.0,3.9,2.8,0,,8.3,,Washington,United States,Ronald Reagan Washington National Airport
2014-02-26,DCA,38,38,416,12,0,404,155.5,12.0,-2.7,3.3,1.8,0,,14.0,,Washington,United States,Ronald Reagan Washington National Airport
2014-02-27,DCA,39,39,420,7,1,413,155.0,12.0,-6.0,6.1,0.0,0,,25.9,,Washington,United States,Ronald Reagan Washington National Airport
2014-02-28,DCA,38,38,418,5,2,413,155.0,12.0,-9.9,-1.0,0.0,0,,12.2,,Washington,United States,Ronald Reagan Washington National Airport
2014-03-01,DCA,35,36,260,2,0,258,114.0,12.0,-4.9,7.8,0.0,0,,6.8,,Washington,United States,Ronald Reagan Washington National Airport
2014-03-02,DCA,38,37,372,83,0,289,142.0,13.0,2.2,11.7,5.8,0,,10.1,,Washington,United States,Ronald Reagan Washington National Airport
2014-03-03,DCA,38,38,418,337,2,81,121.0,12.0,-8.2,3.3,14.0,3,,24.1,,Washington,United States,Ronald Reagan Washington National Airport
2014-03-04,DCA,38,38,418,28,0,390,158.5,13.0,-9.9,0.6,0.0,10,,7.6,,Washington,United States,Ronald Reagan Washington National Airport
2014-03-05,DCA,38,38,416,8,0,408,156.0,12.0,-4.3,7.8,0.0,5,,10.4,,Washington,United States,Ronald Reagan Washington National Airport
2014-03-06,DCA,37,37,416,8,0,408,156.0,13.0,-3.2,2.2,0.0,0,,18.7,,Washington,United States,Ronald Reagan Washington National Airport
2014-03-07,DCA,37,37,417,3,0,414,159.5,13.0,-0.5,7.8,0.0,0,,20.5,,Washington,United States,Ronald Reagan Washington National Airport
2014-03-08,DCA,35,36,278,2,0,276,121.5,12.0,0.0,19.4,0.0,0,,9.7,,Washington,United States,Ronald Reagan Washington National Airport
2014-03-09,DCA,38,37,379,3,0,376,156.0,13.0,5.6,11.1,0.0,0,,15.1,,Washington,United States,Ronald Reagan Washington National Airport
2014-03-10,DCA,37,37,417,9,0,408,158.5,13.0,3.9,16.1,0.0,0,,14.4,,Washington,United States,Ronald Reagan Washington National Airport
2014-03-11,DCA,37,37,420,0,0,420,155.5,13.0,6.7,22.2,0.0,0,,6.1,,Washington,United States,Ronald Reagan Washington National Airport
2014-03-12,DCA,37,38,419,17,3,402,157.5,13.0,0.6,20.6,1.0,0,,21.6,,Washington,United States,Ronald Reagan Washington National Airport
2014-03-13,DCA,37,37,417,23,0,394,157.5,13.0,-4.9,2.2,0.0,0,,29.5,,Washington,United States,Ronald Reagan Washington National Airport
2014-03-14,DCA,37,37,417,2,0,415,158.0,13.0,-2.1,15.6,0.0,0,,19.8,,Washington,United States,Ronald Reagan Washington National Airport
2014-03-15,DCA,35,36,280,4,0,276,124.0,12.0,8.3,21.1,0.0,0,,17.3,,Washington,United States,Ronald Reagan Washington National Airport
2014-03-16,DCA,38,37,380,27,1,353,150.5,13.0,-0.5,8.9,8.1,0,,16.9,,Washington,United States,Ronald Reagan Washington National Airport
2014-03-17,DCA,37,37,418,119,0,299,151.0,13.0,-2.7,0.0,8.9,18,,19.4,,Washington,United States,Ronald Reagan Washington National Airport
2014-03-18,DCA,37,37,420,6,0,414,158.5,13.0,-0.5,6.1,0.0,15,,15.8,,Washington,United States,Ronald Reagan Washington National Airport
2014-03-19,DCA,37,37,418,10,0,408,162.0,13.0,1.7,6.7,9.4,0,,9.0,,Washington,United States,Ronald Reagan Washington National Airport
2014-03-20,DCA,37,37,418,5,1,413,156.0,13.0,6.1,16.1,0.0,0,,16.9,,Washington,United States,Ronald Reagan Washington National Airport
2014-03-21,DCA,37,37,418,3,0,415,158.5,13.0,6.7,13.9,0.0,0,,9.7,,Washington,United States,Ronald Reagan Washington National Airport
2014-03-22,DCA,35,36,278,0,0,278,122.5,12.0,6.7,22.8,0.0,0,,14.4,,Washington,United States,Ronald Reagan Washington National Airport
2014-03-23,DCA,38,37,379,0,1,379,153.0,13.0,1.1,11.1,0.0,0,,20.9,,Washington,United States,Ronald Reagan Washington National Airport
2014-03-24,DCA,37,37,417,4,0,413,158.0,13.0,-3.2,6.1,0.0,0,,15.1,,Washington,United States,Ronald Reagan Washington National Airport
2014-03-25,DCA,37,37,420,18,0,402,162.0,13.0,-0.5,2.2,7.4,0,,11.5,,Washington,United States,Ronald Reagan Washington National Airport
2014-03-26,DCA,37,37,418,14,0,404,160.0,13.0,-1.0,3.9,0.0,0,,25.9,,Washington,United States,Ronald Reagan Washington National Airport
2014-03-27,DCA,37,37,417,4,0,413,161.0,13.0,-2.7,11.1,0.0,0,,13.3,,Washington,United States,Ronald Reagan Washington National Airport
2014-03-28,DCA,37,37,417,7,0,410,161.0,13.0,7.8,20.0,1.0,0,,23.0,,Washington,United States,Ronald Reagan Washington National Airport
2014-03-29,DCA,35,36,278,5,0,273,121.5,12.0,11.7,17.2,25.9,0,,8.6,,Washington,United States,Ronald Reagan Washington National Airport
2014-03-30,DCA,38,37,379,24,1,355,153.0,13.0,2.2,12.2,26.7,0,,25.6,,Washington,United States,Ronald Reagan Washington National Airport
2014-03-31,DCA,37,38,417,3,0,414,158.0,13.0,6.1,19.4,0.0,0,,23.0,,Washington,United States,Ronald Reagan Washington National Airport
2014-01-01,EWR,69,69,587,26,3,561,242.0,10.0,-6.0,0.6,0.0,0,,9.0,,Newark,United States,Newark Liberty International Airport
2014-01-02,EWR,74,74,684,283,2,401,240.0,10.0,-9.3,0.6,5.1,0,,25.6,,Newark,United States,Newark Liberty International Airport
2014-01-03,EWR,73,73,675,332,2,343,234.5,10.0,-13.2,-7.1,8.1,23,,24.8,,Newark,United States,Newark Liberty International Airport
2014-01-04,EWR,74,70,522,101,0,421,206.0,9.0,-14.3,-3.8,0.0,20,,7.9,,Newark,United States,Newark Liberty International Airport
2014-01-05,EWR,74,73,609,151,2,458,229.0,10.0,-9.9,8.9,3.8,18,,5.4,,Newark,United States,Newark Liberty International Airport
2014-01-06,EWR,73,74,684,141,4,543,254.5,10.0,-8.8,14.4,9.4,3,,26.3,,Newark,United States,Newark Liberty International Airport
2014-01-07,EWR,72,71,606,144,1,462,231.0,10.0,-16.0,-8.8,0.0,0,,35.3,,Newark,United States,Newark Liberty International Airport
2014-01-08,EWR,73,72,614,49,0,565,242.0,10.0,-13.2,-5.5,0.0,0,,16.6,,Newark,United States,Newark Liberty International Airport
2014-01-09,EWR,73,74,646,21,1,625,256.0,10.0,-7.1,1.1,0.0,0,,6.8,,Newark,United States,Newark Liberty International Airport
2014-01-10,EWR,73,72,640,50,0,590,251.5,10.0,-3.2,1.7,4.3,0,,6.1,,Newark,United States,Newark Liberty International Airport
2014-01-11,EWR,67,67,396,27,0,369,176.5,9.0,1.7,16.1,15.0,0,,13.7,,Newark,United States,Newark Liberty International Airport
2014-01-12,EWR,70,69,548,7,0,541,229.0,10.0,0.6,12.2,0.8,0,,20.2,,Newark,United States,Newark Liberty International Airport
2014-01-13,EWR,72,74,640,16,2,624,254.0,10.0,-0.5,11.7,0.0,0,,7.6,,Newark,United States,Newark Liberty International Airport
2014-01-14,EWR,72,71,600,11,2,589,242.0,10.0,4.4,9.4,8.9,0,,9.4,,Newark,United States,Newark Liberty International Airport
2014-01-15,EWR,73,72,613,47,6,566,245.5,10.0,0.0,7.8,0.0,0,,4.7,,Newark,United States,Newark Liberty International Airport
2014-01-16,EWR,73,74,647,7,0,640,255.0,10.0,1.1,6.1,0.0,0,,11.9,,Newark,United States,Newark Liberty International Airport
2014-01-17,EWR,73,72,644,17,0,627,255.5,10.0,-2.7,7.8,0.0,0,,6.5,,Newark,United States,Newark Liberty International Airport
2014-01-18,EWR,67,67,392,6,1,386,176.0,9.0,-3.2,5.0,2.8,0,,16.9,,Newark,United States,Newark Liberty International Airport
2014-01-19,EWR,70,69,543,4,1,539,229.0,10.0,-5.5,2.8,0.0,0,,20.2,,Newark,United States,Newark Liberty International Airport
2014-01-20,EWR,72,74,631,4,0,627,253.0,10.0,0.0,8.3,0.0,0,,22.0,,Newark,United States,Newark Liberty International Airport
2014-01-21,EWR,72,70,599,313,1,286,203.5,10.0,-11.6,0.0,10.2,0,,27.4,,Newark,United States,Newark Liberty International Airport
2014-01-22,EWR,73,72,610,166,1,444,217.0,10.0,-14.9,-8.8,0.0,25,,24.8,,Newark,United States,Newark Liberty International Airport
2014-01-23,EWR,73,74,644,11,1,633,254.5,10.0,-14.9,-6.0,0.0,18,,17.3,,Newark,United States,Newark Liberty International Airport
2014-01-24,EWR,73,72,640,18,1,622,249.5,10.0,-13.2,-6.6,0.0,15,,19.1,,Newark,United States,Newark Liberty International Airport
2014-01-25,EWR,67,67,394,8,1,386,173.5,9.0,-8.2,-3.2,1.0,13,,21.6,,Newark,United States,Newark Liberty International Airport
2014-01-26,EWR,70,69,544,9,1,535,223.0,10.0,-8.8,-2.1,0.0,13,,19.1,,Newark,United States,Newark Liberty International Airport
2014-01-27,EWR,72,74,636,21,0,615,251.0,10.0,-6.6,6.1,0.0,10,,17.6,,Newark,United States,Newark Liberty International Airport
2014-01-28,EWR,72,71,600,43,1,557,236.0,10.0,-11.0,-6.6,0.0,3,,16.6,,Newark,United States,Newark Liberty International Airport
2014-01-29,EWR,73,72,614,57,1,557,246.0,10.0,-11.0,-5.5,1.3,3,,17.3,,Newark,United States,Newark Liberty International Airport
2014-01-30,EWR,74,75,660,36,2,624,265.0,10.0,-12.1,-2.1,0.0,3,,10.4,,Newark,United States,Newark Liberty International Airport
2014-01-31,EWR,74,73,660,24,2,636,261.0,10.0,-5.5,3.9,0.0,3,,13.0,,Newark,United States,Newark Liberty International Airport
2014-02-01,EWR,68,67,403,14,0,389,180.0,9.0,-2.1,6.7,0.0,0,,4.0,,Newark,United States,Newark Liberty International Airport
2014-02-02,EWR,65,69,462,9,1,453,204.0,10.0,-2.1,12.8,0.3,0,,9.0,,Newark,United States,Newark Liberty International Airport
2014-02-03,EWR,73,76,684,379,6,305,230.5,10.0,-4.3,5.6,22.9,3,,18.4,,Newark,United States,Newark Liberty International Airport
2014-02-04,EWR,72,71,600,163,2,437,217.5,10.0,-7.7,1.7,0.0,18,,7.2,,Newark,United States,Newark Liberty International Airport
2014-02-05,EWR,73,72,611,354,1,257,188.0,10.0,-1.6,1.1,36.6,25,,15.5,,Newark,United States,Newark Liberty International Airport
2014-02-06,EWR,73,74,644,50,1,594,252.0,10.0,-6.0,-0.5,0.0,23,,15.1,,Newark,United States,Newark Liberty International Airport
2014-02-07,EWR,73,72,644,21,0,623,253.0,10.0,-5.5,0.0,0.0,20,,16.9,,Newark,United States,Newark Liberty International Airport
2014-02-08,EWR,67,67,393,7,1,386,177.0,9.0,-7.1,-1.6,0.0,20,,9.4,,Newark,United States,Newark Liberty International Airport
2014-02-09,EWR,70,69,545,48,2,497,225.0,10.0,-8.2,-1.6,2.3,18,,7.6,,Newark,United States,Newark Liberty International Airport
2014-02-10,EWR,72,74,639,2,0,637,254.5,10.0,-6.6,-1.6,0.0,23,,16.9,,Newark,United States,Newark Liberty International Airport
2014-02-11,EWR,72,71,603,23,3,580,238.5,10.0,-8.8,-3.2,0.0,23,,17.6,,Newark,United States,Newark Liberty International Airport
2014-02-12,EWR,74,72,624,143,3,481,230.0,10.0,-13.8,-3.8,0.0,20,,14.4,,Newark,United States,Newark Liberty International Airport
2014-02-13,EWR,73,73,679,509,3,170,197.5,10.0,-5.5,1.7,34.3,25,,29.5,,Newark,United States,Newark Liberty International Airport
2014-02-14,EWR,73,72,683,221,0,462,239.0,10.0,-2.1,4.4,5.6,46,,27.7,,Newark,United States,Newark Liberty International Airport
2014-02-15,EWR,66,66,464,163,0,301,183.0,9.0,-3.2,2.8,9.4,38,,19.1,,Newark,United States,Newark Liberty International Airport
2014-02-16,EWR,72,71,568,46,3,522,230.0,10.0,-7.1,-1.0,0.0,41,,20.2,,Newark,United States,Newark Liberty International Airport
2014-02-17,EWR,72,73,692,45,1,647,267.5,10.0,-9.3,0.6,0.0,41,,10.8,,Newark,United States,Newark Liberty International Airport
2014-02-18,EWR,71,72,673,161,1,512,263.0,10.0,-2.7,4.4,4.1,41,,11.5,,Newark,United States,Newark Liberty International Airport
2014-02-19,EWR,72,71,662,31,4,631,260.0,10.0,-3.8,6.1,6.1,38,,7.6,,Newark,United States,Newark Liberty International Airport
2014-02-20,EWR,73,73,684,27,1,657,267.5,10.0,0.6,9.4,0.5,33,,7.9,,Newark,United States,Newark Liberty International Airport
2014-02-21,EWR,74,72,681,104,7,577,268.0,10.0,1.7,7.2,2.8,25,,11.2,,Newark,United States,Newark Liberty International Airport
2014-02-22,EWR,66,66,467,28,1,439,198.5,9.0,-0.5,11.1,0.0,23,,16.9,,Newark,United States,Newark Liberty International Airport
2014-02-23,EWR,72,71,577,7,1,570,240.0,10.0,0.6,12.2,0.0,10,,6.8,,Newark,United States,Newark Liberty International Airport
2014-02-24,EWR,72,73,691,15,0,676,271.0,10.0,-2.7,5.6,0.0,3,,24.5,,Newark,United States,Newark Liberty International Airport
2014-02-25,EWR,71,72,667,7,0,660,266.5,10.0,-4.3,1.7,0.0,0,,17.3,,Newark,United States,Newark Liberty International Airport
2014-02-26,EWR,72,71,665,25,1,640,261.0,10.0,-8.2,1.1,0.8,0,,16.9,,Newark,United States,Newark Liberty International Airport
2014-02-27,EWR,73,73,686,7,0,679,271.5,10.0,-10.5,1.1,0.0,0,,20.2,,Newark,United States,Newark Liberty International Airport
2014-02-28,EWR,73,72,680,3,4,677,270.0,10.0,-12.7,-3.8,0.0,0,,13.0,,Newark,United States,Newark Liberty International Airport
2014-03-01,EWR,66,66,462,4,1,458,199.0,9.0,-8.2,4.4,0.0,0,,6.5,,Newark,United States,Newark Liberty International Airport
2014-03-02,EWR,72,71,583,130,1,453,235.0,10.0,-0.5,5.0,0.0,0,,10.1,,Newark,United States,Newark Liberty International Airport
2014-03-03,EWR,72,73,690,149,0,541,260.0,10.0,-8.8,0.6,0.3,0,,22.7,,Newark,United States,Newark Liberty International Airport
2014-03-04,EWR,71,72,667,70,0,597,267.5,10.0,-11.0,-1.0,0.0,0,,10.4,,Newark,United States,Newark Liberty International Airport
2014-03-05,EWR,72,71,665,23,0,642,263.0,10.0,-3.8,4.4,0.0,0,,11.2,,Newark,United States,Newark Liberty International Airport
2014-03-06,EWR,71,71,675,22,0,653,268.0,10.0,-9.3,-0.5,0.0,0,,16.6,,Newark,United States,Newark Liberty International Airport
2014-03-07,EWR,70,69,657,7,1,650,258.5,10.0,-3.2,3.3,0.0,0,,18.0,,Newark,United States,Newark Liberty International Airport
2014-03-08,EWR,71,70,518,8,0,510,207.5,9.0,1.1,15.0,0.0,0,,13.7,,Newark,United States,Newark Liberty International Airport
2014-03-09,EWR,70,71,607,11,0,596,245.0,10.0,2.8,8.3,0.0,0,,19.4,,Newark,United States,Newark Liberty International Airport
2014-03-10,EWR,70,70,679,1,1,678,267.0,10.0,2.8,12.2,0.0,0,,12.2,,Newark,United States,Newark Liberty International Airport
2014-03-11,EWR,72,70,679,6,1,673,268.5,10.0,3.3,19.4,0.0,0,,11.9,,Newark,United States,Newark Liberty International Airport
2014-03-12,EWR,70,70,682,36,3,646,268.5,10.0,-0.5,15.0,6.6,0,,12.2,,Newark,United States,Newark Liberty International Airport
2014-03-13,EWR,71,70,677,87,0,590,269.0,10.0,-7.1,-0.5,0.0,0,,37.4,,Newark,United States,Newark Liberty International Airport
2014-03-14,EWR,70,69,659,15,0,644,263.0,10.0,-6.6,9.4,0.0,0,,15.5,,Newark,United States,Newark Liberty International Airport
2014-03-15,EWR,70,68,511,3,1,508,204.0,9.0,5.6,16.1,0.0,0,,26.3,,Newark,United States,Newark Liberty International Airport
2014-03-16,EWR,70,71,609,9,2,600,244.5,10.0,-1.0,5.6,0.0,0,,23.8,,Newark,United States,Newark Liberty International Airport
2014-03-17,EWR,70,70,680,13,1,667,267.5,10.0,-4.9,1.1,0.0,0,,20.2,,Newark,United States,Newark Liberty International Airport
2014-03-18,EWR,72,70,680,2,2,678,267.5,10.0,-4.3,6.1,0.0,0,,12.6,,Newark,United States,Newark Liberty International Airport
2014-03-19,EWR,70,70,682,5,0,677,271.0,10.0,-0.5,7.8,15.7,0,,14.8,,Newark,United States,Newark Liberty International Airport
2014-03-20,EWR,71,70,679,6,1,673,263.5,10.0,4.4,12.8,0.0,0,,26.3,,Newark,United States,Newark Liberty International Airport
2014-03-21,EWR,70,69,660,4,1,656,257.5,10.0,2.8,12.8,0.0,0,,19.4,,Newark,United States,Newark Liberty International Airport
2014-03-22,EWR,71,69,521,2,1,519,208.5,9.0,3.9,18.9,0.0,0,,21.2,,Newark,United States,Newark Liberty International Airport
2014-03-23,EWR,70,71,615,1,1,614,248.0,10.0,-2.7,6.7,0.0,0,,22.3,,Newark,United States,Newark Liberty International Airport
2014-03-24,EWR,70,70,681,1,0,680,266.0,10.0,-6.0,2.8,0.0,0,,18.7,,Newark,United States,Newark Liberty International Airport
2014-03-25,EWR,72,70,681,2,0,679,271.0,10.0,-5.5,3.9,0.0,0,,10.8,,Newark,United States,Newark Liberty International Airport
2014-03-26,EWR,70,70,681,29,1,652,272.5,10.0,-4.3,3.3,0.0,0,,35.3,,Newark,United States,Newark Liberty International Airport
2014-03-27,EWR,71,70,677,6,0,671,263.5,10.0,-5.5,7.8,0.0,0,,15.5,,Newark,United States,Newark Liberty International Airport
2014-03-28,EWR,70,69,659,18,2,641,260.5,10.0,1.7,17.2,0.8,0,,12.6,,Newark,United States,Newark Liberty International Airport
2014-03-29,EWR,69,67,509,1,3,508,204.0,9.0,6.7,12.8,58.2,0,,16.6,,Newark,United States,Newark Liberty International Airport
2014-03-30,EWR,70,71,609,33,0,576,249.0,10.0,5.0,8.9,8.1,0,,29.5,,Newark,United States,Newark Liberty International Airport
2014-03-31,EWR,71,70,681,27,0,654,273.5,10.0,2.8,13.3,3.0,0,,25.2,,Newark,United States,Newark Liberty International Airport
2014-01-01,JFK,56,56,513,2,1,511,202.0,9.0,-4.3,1.1,0.0,0,,14.4,,New York,United States,John F Kennedy International Airport
2014-01-02,JFK,57,57,567,125,28,442,217.0,9.0,-7.1,0.6,3.3,0,,29.2,,New York,United States,John F Kennedy International Airport
2014-01-03,JFK,57,57,565,292,16,273,210.5,9.0,-12.7,-7.1,5.6,18,,31.7,,New York,United States,John F Kennedy International Airport
2014-01-04,JFK,59,59,527,95,2,432,204.5,9.0,-16.0,-0.5,0.0,18,,11.5,,New York,United States,John F Kennedy International Airport
2014-01-05,JFK,57,57,562,120,20,442,213.5,9.0,-4.9,9.4,2.5,15,,11.2,,New York,United States,John F Kennedy International Airport
2014-01-06,JFK,57,57,542,194,0,348,211.0,9.0,-6.6,11.7,10.4,3,,33.8,,New York,United States,John F Kennedy International Airport
2014-01-07,JFK,54,54,488,106,1,382,199.5,9.0,-14.3,-6.6,0.0,0,,36.7,,New York,United States,John F Kennedy International Airport
2014-01-08,JFK,53,53,496,8,0,488,198.5,9.0,-12.1,-4.3,0.0,0,,20.5,,New York,United States,John F Kennedy International Airport
2014-01-09,JFK,56,56,525,2,0,523,204.0,9.0,-5.5,1.1,0.0,0,,10.8,,New York,United States,John F Kennedy International Airport
2014-01-10,JFK,56,56,524,0,0,524,207.5,9.0,-4.3,3.3,4.8,0,,6.1,,New York,United States,John F Kennedy International Airport
2014-01-11,JFK,52,53,449,79,10,370,179.5,9.0,3.3,12.2,18.3,0,,25.9,,New York,United States,John F Kennedy International Airport
2014-01-12,JFK,55,55,509,31,0,478,192.0,9.0,0.6,11.1,0.0,0,,24.1,,New York,United States,John F Kennedy International Airport
2014-01-13,JFK,56,56,516,4,0,512,197.0,9.0,-1.0,10.0,0.0,0,,19.4,,New York,United States,John F Kennedy International Airport
2014-01-14,JFK,53,53,482,3,3,479,188.5,9.0,6.1,8.9,14.0,0,,14.4,,New York,United States,John F Kennedy International Airport
2014-01-15,JFK,53,53,490,14,5,476,192.5,9.0,0.0,6.7,0.0,0,,7.9,,New York,United States,John F Kennedy International Airport
2014-01-16,JFK,56,56,519,3,0,516,202.5,9.0,1.7,5.6,0.0,0,,11.2,,New York,United States,John F Kennedy International Airport
2014-01-17,JFK,56,56,520,1,0,519,202.0,9.0,-2.1,7.2,0.0,0,,11.5,,New York,United States,John F Kennedy International Airport
2014-01-18,JFK,53,53,448,0,0,448,176.0,9.0,-2.1,5.6,6.1,0,,17.3,,New York,United States,John F Kennedy International Airport
2014-01-19,JFK,54,55,504,2,0,502,195.0,9.0,-3.2,3.3,0.0,0,,25.6,,New York,United States,John F Kennedy International Airport
2014-01-20,JFK,56,56,517,1,0,516,201.5,9.0,0.6,8.9,0.0,0,,24.1,,New York,United States,John F Kennedy International Airport
2014-01-21,JFK,53,53,481,261,1,220,173.0,9.0,-10.5,0.6,8.9,0,,25.6,,New York,United States,John F Kennedy International Airport
2014-01-22,JFK,53,53,490,127,0,363,184.0,9.0,-13.8,-7.7,0.3,18,,30.6,,New York,United States,John F Kennedy International Airport
2014-01-23,JFK,56,56,519,3,0,516,201.5,9.0,-13.2,-6.0,0.0,18,,22.3,,New York,United States,John F Kennedy International Airport
2014-01-24,JFK,56,56,521,5,1,516,202.5,9.0,-11.6,-6.6,0.0,15,,27.7,,New York,United States,John F Kennedy International Airport
2014-01-25,JFK,52,53,446,4,1,442,178.0,9.0,-6.6,-1.0,1.0,13,,33.5,,New York,United States,John F Kennedy International Airport
2014-01-26,JFK,55,55,510,1,0,509,199.5,9.0,-7.7,2.2,0.0,13,,27.0,,New York,United States,John F Kennedy International Airport
2014-01-27,JFK,56,55,515,4,0,511,202.0,8.5,-5.5,7.2,0.0,10,,23.0,,New York,United States,John F Kennedy International Airport
2014-01-28,JFK,52,52,478,24,1,454,186.0,8.0,-9.9,-5.5,0.0,3,,15.8,,New York,United States,John F Kennedy International Airport
2014-01-29,JFK,52,53,489,12,0,477,192.5,8.5,-8.8,-4.3,1.3,5,,21.6,,New York,United States,John F Kennedy International Airport
2014-01-30,JFK,56,56,523,9,1,514,204.0,9.0,-9.9,-2.1,0.0,3,,12.6,,New York,United States,John F Kennedy International Airport
2014-01-31,JFK,56,56,525,3,0,522,205.5,9.0,-3.8,6.1,0.0,0,,15.1,,New York,United States,John F Kennedy International Airport
2014-02-01,JFK,52,53,448,3,0,445,173.5,9.0,-1.0,6.1,0.0,0,,6.5,,New York,United States,John F Kennedy International Airport
2014-02-02,JFK,56,55,499,6,3,493,193.0,9.0,-1.0,11.1,0.0,0,,11.5,,New York,United States,John F Kennedy International Airport
2014-02-03,JFK,56,55,520,143,18,377,197.5,8.5,-2.1,6.7,27.4,0,,19.4,,New York,United States,John F Kennedy International Airport
2014-02-04,JFK,52,52,478,96,0,382,186.0,8.0,-5.5,1.7,0.0,15,,9.4,,New York,United States,John F Kennedy International Airport
2014-02-05,JFK,52,53,486,176,2,310,183.0,8.5,-1.0,1.7,30.5,18,,17.6,,New York,United States,John F Kennedy International Airport
2014-02-06,JFK,56,56,520,5,1,515,208.0,9.0,-4.3,0.0,0.0,15,,18.4,,New York,United States,John F Kennedy International Airport
2014-02-07,JFK,56,56,521,1,0,520,205.5,9.0,-3.8,0.0,0.0,13,,21.6,,New York,United States,John F Kennedy International Airport
2014-02-08,JFK,52,53,445,0,1,445,176.5,9.0,-6.0,-1.6,0.0,13,,13.7,,New York,United States,John F Kennedy International Airport
2014-02-09,JFK,55,55,510,3,1,507,196.0,9.0,-6.6,-1.0,3.3,13,,13.7,,New York,United States,John F Kennedy International Airport
2014-02-10,JFK,56,55,515,4,0,511,199.5,8.5,-6.0,-1.6,0.0,15,,24.5,,New York,United States,John F Kennedy International Airport
2014-02-11,JFK,52,52,478,6,0,472,191.5,8.0,-8.8,-3.8,0.0,15,,20.2,,New York,United States,John F Kennedy International Airport
2014-02-12,JFK,52,53,496,66,0,430,192.5,8.5,-11.0,-2.7,0.0,13,,13.0,,New York,United States,John F Kennedy International Airport
2014-02-13,JFK,57,57,545,238,0,307,195.0,9.0,-3.2,2.2,32.3,18,,33.8,,New York,United States,John F Kennedy International Airport
2014-02-14,JFK,57,57,552,51,1,501,210.0,9.0,0.0,5.0,3.3,25,,31.0,,New York,United States,John F Kennedy International Airport
2014-02-15,JFK,53,54,500,27,3,473,195.0,9.0,-2.1,2.8,2.8,23,,24.1,,New York,United States,John F Kennedy International Airport
2014-02-16,JFK,57,56,535,9,2,526,208.5,9.0,-5.5,-1.0,0.0,25,,27.0,,New York,United States,John F Kennedy International Airport
2014-02-17,JFK,57,57,551,2,1,549,212.0,9.0,-7.1,0.0,0.0,25,,16.6,,New York,United States,John F Kennedy International Airport
2014-02-18,JFK,54,54,537,22,0,515,205.5,9.0,-3.2,4.4,3.8,25,,14.8,,New York,United States,John F Kennedy International Airport
2014-02-19,JFK,54,54,543,4,0,539,209.0,9.0,-2.7,6.7,7.9,20,,13.3,,New York,United States,John F Kennedy International Airport
2014-02-20,JFK,57,57,552,2,2,550,211.5,9.0,0.6,6.7,0.5,13,,12.6,,New York,United States,John F Kennedy International Airport
2014-02-21,JFK,57,57,552,56,19,496,211.5,9.0,1.7,8.3,3.6,8,,16.6,,New York,United States,John F Kennedy International Airport
2014-02-22,JFK,53,54,500,5,2,495,196.0,9.0,1.1,11.7,0.0,3,,18.4,,New York,United States,John F Kennedy International Airport
2014-02-23,JFK,57,56,543,1,0,542,204.0,9.0,1.7,12.8,0.0,0,,10.8,,New York,United States,John F Kennedy International Airport
2014-02-24,JFK,57,56,549,4,0,545,212.5,8.5,-2.1,7.2,0.5,0,,29.2,,New York,United States,John F Kennedy International Airport
2014-02-25,JFK,53,53,530,3,1,527,204.5,8.0,-3.2,1.7,0.0,0,,20.5,,New York,United States,John F Kennedy International Airport
2014-02-26,JFK,53,54,532,10,0,522,205.0,8.5,-6.6,0.6,0.8,0,,18.7,,New York,United States,John F Kennedy International Airport
2014-02-27,JFK,57,57,545,2,2,543,211.5,9.0,-9.3,1.7,0.0,0,,24.1,,New York,United States,John F Kennedy International Airport
2014-02-28,JFK,57,57,544,6,4,538,208.0,9.0,-11.6,-3.2,0.0,0,,16.9,,New York,United States,John F Kennedy International Airport
2014-03-01,JFK,53,54,489,1,2,488,191.0,9.0,-8.2,2.2,0.0,0,,9.7,,New York,United States,John F Kennedy International Airport
2014-03-02,JFK,58,57,545,63,1,482,205.0,9.0,-1.0,6.1,0.0,0,,12.2,,New York,United States,John F Kennedy International Airport
2014-03-03,JFK,58,57,550,147,0,403,212.0,8.5,-7.7,1.7,1.0,3,,22.3,,New York,United States,John F Kennedy International Airport
2014-03-04,JFK,54,54,539,5,0,534,210.5,8.0,-10.5,-1.6,0.0,0,,12.6,,New York,United States,John F Kennedy International Airport
2014-03-05,JFK,54,55,539,0,1,539,213.0,8.5,-3.8,4.4,0.0,0,,12.2,,New York,United States,John F Kennedy International Airport
2014-03-06,JFK,58,58,560,1,2,559,216.0,9.0,-8.2,-0.5,0.0,0,,15.5,,New York,United States,John F Kennedy International Airport
2014-03-07,JFK,57,58,562,2,0,560,223.0,9.0,-2.7,2.2,0.0,0,,18.4,,New York,United States,John F Kennedy International Airport
2014-03-08,JFK,55,54,503,1,0,502,195.5,9.0,0.0,15.6,0.0,0,,18.4,,New York,United States,John F Kennedy International Airport
2014-03-09,JFK,58,58,554,2,0,552,216.0,9.0,2.2,8.3,0.0,0,,22.3,,New York,United States,John F Kennedy International Airport
2014-03-10,JFK,58,57,560,2,0,558,215.5,8.5,1.7,10.6,0.0,0,,16.9,,New York,United States,John F Kennedy International Airport
2014-03-11,JFK,54,54,549,1,0,548,213.0,8.0,3.3,18.3,0.0,0,,14.8,,New York,United States,John F Kennedy International Airport
2014-03-12,JFK,54,55,549,29,0,520,213.5,8.5,1.1,13.9,3.8,0,,23.8,,New York,United States,John F Kennedy International Airport
2014-03-13,JFK,58,58,561,7,1,554,220.0,9.0,-7.1,1.1,0.0,0,,45.4,,New York,United States,John F Kennedy International Airport
2014-03-14,JFK,57,58,562,2,1,560,220.0,9.0,-5.5,5.6,0.0,0,,24.1,,New York,United States,John F Kennedy International Airport
2014-03-15,JFK,55,54,504,4,0,500,193.5,9.0,4.4,16.1,0.3,0,,25.9,,New York,United States,John F Kennedy International Airport
2014-03-16,JFK,58,58,556,4,1,552,212.5,9.0,-0.5,6.1,0.0,0,,24.8,,New York,United States,John F Kennedy International Airport
2014-03-17,JFK,58,57,561,11,1,550,216.0,8.5,-3.8,1.1,0.0,0,,16.9,,New York,United States,John F Kennedy International Airport
2014-03-18,JFK,54,54,545,4,0,541,213.5,8.0,-3.8,6.1,0.0,0,,15.1,,New York,United States,John F Kennedy International Airport
2014-03-19,JFK,54,55,545,13,8,532,211.5,8.5,-2.1,7.8,18.3,0,,24.1,,New York,United States,John F Kennedy International Airport
2014-03-20,JFK,58,58,558,3,1,555,217.5,9.0,5.6,13.3,0.0,0,,27.7,,New York,United States,John F Kennedy International Airport
2014-03-21,JFK,57,58,559,1,0,558,218.5,9.0,1.1,12.2,0.0,0,,23.0,,New York,United States,John F Kennedy International Airport
2014-03-22,JFK,55,54,501,0,0,501,195.0,9.0,1.7,18.3,0.0,0,,22.0,,New York,United States,John F Kennedy International Airport
2014-03-23,JFK,58,58,552,0,0,552,215.0,9.0,-2.1,7.8,0.0,0,,24.8,,New York,United States,John F Kennedy International Airport
2014-03-24,JFK,58,57,554,1,0,553,213.5,8.5,-5.5,2.2,0.0,0,,19.4,,New York,United States,John F Kennedy International Airport
2014-03-25,JFK,54,54,545,7,0,538,212.0,8.0,-4.9,3.9,0.0,0,,13.7,,New York,United States,John F Kennedy International Airport
2014-03-26,JFK,54,55,545,5,1,540,208.0,8.5,-3.8,3.9,0.0,0,,39.6,,New York,United States,John F Kennedy International Airport
2014-03-27,JFK,58,58,557,1,0,556,214.0,9.0,-4.9,3.9,0.0,0,,22.3,,New York,United States,John F Kennedy International Airport
2014-03-28,JFK,57,58,557,9,0,548,218.0,9.0,2.2,10.6,0.0,0,,21.2,,New York,United States,John F Kennedy International Airport
2014-03-29,JFK,55,54,498,1,2,497,192.5,9.0,5.0,11.1,66.0,0,,17.3,,New York,United States,John F Kennedy International Airport
2014-03-30,JFK,58,58,551,16,1,535,210.0,9.0,4.4,12.8,13.5,0,,26.6,,New York,United States,John F Kennedy International Airport
2014-03-31,JFK,57,57,550,3,0,547,211.0,8.5,1.1,13.3,5.3,0,,31.7,,New York,United States,John F Kennedy International Airport
2014-01-01,PHL,38,37,360,1,1,359,147.0,11.0,-4.9,5.0,0.0,0,,8.3,,Philadelphia,United States,Philadelphia International Airport
2014-01-02,PHL,39,38,416,58,1,358,161.5,11.0,-5.5,1.7,10.2,0,,19.8,,Philadelphia,United States,Philadelphia International Airport
2014-01-03,PHL,40,38,417,142,7,275,143.0,11.0,-11.6,-5.5,7.6,23,,25.9,,Philadelphia,United States,Philadelphia International Airport
2014-01-04,PHL,36,38,361,13,0,348,146.5,11.0,-13.2,-1.6,0.0,23,,7.6,,Philadelphia,United States,Philadelphia International Airport
2014-01-05,PHL,39,36,396,31,3,365,156.5,11.0,-7.7,11.7,4.6,15,,6.5,,Philadelphia,United States,Philadelphia International Airport
2014-01-06,PHL,40,39,410,38,2,372,153.5,11.0,-10.5,15.6,8.9,0,,29.2,,Philadelphia,United States,Philadelphia International Airport
2014-01-07,PHL,38,38,402,32,0,370,146.5,10.0,-15.5,-10.5,0.0,0,,30.2,,Philadelphia,United States,Philadelphia International Airport
2014-01-08,PHL,38,36,401,6,1,395,156.5,10.0,-12.1,-3.2,0.0,0,,12.2,,Philadelphia,United States,Philadelphia International Airport
2014-01-09,PHL,39,38,412,5,4,407,162.0,10.0,-4.3,1.7,0.0,0,,5.8,,Philadelphia,United States,Philadelphia International Airport
2014-01-10,PHL,38,38,411,8,1,403,158.0,10.0,-2.7,2.8,10.7,0,,6.1,,Philadelphia,United States,Philadelphia International Airport
2014-01-11,PHL,32,36,302,6,1,296,126.0,9.0,2.2,16.1,19.3,0,,15.5,,Philadelphia,United States,Philadelphia International Airport
2014-01-12,PHL,40,35,367,2,0,365,149.0,10.0,0.6,11.1,0.3,0,,20.2,,Philadelphia,United States,Philadelphia International Airport
2014-01-13,PHL,39,38,404,1,1,403,158.0,11.0,-2.1,13.9,0.0,0,,9.7,,Philadelphia,United States,Philadelphia International Airport
2014-01-14,PHL,37,37,390,7,0,383,153.0,10.0,2.8,10.6,4.3,0,,10.8,,Philadelphia,United States,Philadelphia International Airport
2014-01-15,PHL,39,36,404,5,1,399,161.0,10.5,1.7,8.9,0.0,0,,8.3,,Philadelphia,United States,Philadelphia International Airport
2014-01-16,PHL,39,38,414,6,0,408,162.0,10.0,-2.7,3.9,0.0,0,,11.2,,Philadelphia,United States,Philadelphia International Airport
2014-01-17,PHL,38,38,411,3,0,408,164.0,10.0,-3.8,7.2,0.0,0,,5.8,,Philadelphia,United States,Philadelphia International Airport
2014-01-18,PHL,32,36,301,2,1,299,125.5,9.0,-4.9,3.9,0.0,0,,20.2,,Philadelphia,United States,Philadelphia International Airport
2014-01-19,PHL,40,35,355,0,0,355,148.5,10.0,-6.0,5.6,0.0,0,,16.9,,Philadelphia,United States,Philadelphia International Airport
2014-01-20,PHL,39,38,399,0,0,399,157.5,10.0,0.6,10.6,0.0,0,,18.7,,Philadelphia,United States,Philadelphia International Airport
2014-01-21,PHL,37,37,393,199,5,194,123.0,10.0,-9.9,3.3,17.8,0,,24.1,,Philadelphia,United States,Philadelphia International Airport
2014-01-22,PHL,38,36,401,65,1,336,145.0,10.0,-15.5,-8.8,0.3,33,,22.7,,Philadelphia,United States,Philadelphia International Airport
2014-01-23,PHL,39,38,414,7,0,407,161.0,10.0,-13.2,-5.5,0.0,30,,18.7,,Philadelphia,United States,Philadelphia International Airport
2014-01-24,PHL,38,38,411,12,0,399,161.0,10.0,-13.2,-7.1,0.0,20,,18.7,,Philadelphia,United States,Philadelphia International Airport
2014-01-25,PHL,32,36,302,2,3,300,128.5,9.0,-7.1,-2.7,3.8,15,,22.3,,Philadelphia,United States,Philadelphia International Airport
2014-01-26,PHL,40,35,369,5,2,364,148.5,10.0,-9.3,-0.5,0.8,18,,13.7,,Philadelphia,United States,Philadelphia International Airport
2014-01-27,PHL,39,38,404,6,0,398,160.0,11.0,-6.0,7.8,0.0,15,,19.1,,Philadelphia,United States,Philadelphia International Airport
2014-01-28,PHL,37,37,391,35,0,356,147.5,10.0,-11.0,-6.0,0.0,8,,16.2,,Philadelphia,United States,Philadelphia International Airport
2014-01-29,PHL,38,36,401,33,0,368,158.5,10.0,-11.0,-6.0,1.8,8,,16.9,,Philadelphia,United States,Philadelphia International Airport
2014-01-30,PHL,40,39,414,20,1,394,160.0,10.0,-12.1,-2.1,0.0,8,,7.2,,Philadelphia,United States,Philadelphia International Airport
2014-01-31,PHL,39,39,413,11,2,402,160.5,10.0,-6.6,7.8,0.0,8,,6.1,,Philadelphia,United States,Philadelphia International Airport
2014-02-01,PHL,32,37,300,9,1,291,125.0,9.0,-1.0,8.9,0.0,3,,3.6,,Philadelphia,United States,Philadelphia International Airport
2014-02-02,PHL,41,35,351,9,0,342,141.5,10.0,-1.6,11.7,0.0,0,,6.1,,Philadelphia,United States,Philadelphia International Airport
2014-02-03,PHL,40,39,407,94,12,313,149.5,11.0,-0.5,7.2,29.2,0,,17.3,,Philadelphia,United States,Philadelphia International Airport
2014-02-04,PHL,37,37,391,29,0,362,147.5,10.0,-4.3,1.7,0.3,8,,9.4,,Philadelphia,United States,Philadelphia International Airport
2014-02-05,PHL,38,36,403,52,2,351,152.5,10.0,-0.5,3.3,36.3,8,,17.6,,Philadelphia,United States,Philadelphia International Airport
2014-02-06,PHL,39,38,414,9,1,405,163.0,10.0,-4.3,0.0,0.0,5,,16.9,,Philadelphia,United States,Philadelphia International Airport
2014-02-07,PHL,38,38,411,4,1,407,158.0,10.0,-5.5,1.7,0.0,5,,11.2,,Philadelphia,United States,Philadelphia International Airport
2014-02-08,PHL,32,36,304,1,0,303,125.5,9.0,-4.3,-1.0,0.0,3,,7.2,,Philadelphia,United States,Philadelphia International Airport
2014-02-09,PHL,40,35,369,16,4,353,151.0,10.0,-5.5,-0.5,3.8,3,,8.6,,Philadelphia,United States,Philadelphia International Airport
2014-02-10,PHL,39,38,406,11,1,395,160.0,11.0,-7.7,-1.6,0.0,8,,15.8,,Philadelphia,United States,Philadelphia International Airport
2014-02-11,PHL,37,37,390,11,0,379,149.0,10.0,-8.8,-2.7,0.0,5,,15.1,,Philadelphia,United States,Philadelphia International Airport
2014-02-12,PHL,38,36,399,69,0,330,152.5,10.0,-11.0,-2.7,1.3,3,,14.0,,Philadelphia,United States,Philadelphia International Airport
2014-02-13,PHL,41,40,431,291,12,140,106.0,11.0,-4.3,2.2,31.8,23,,31.3,,Philadelphia,United States,Philadelphia International Airport
2014-02-14,PHL,41,39,430,70,1,360,148.5,11.0,-0.5,6.7,5.3,25,,23.0,,Philadelphia,United States,Philadelphia International Airport
2014-02-15,PHL,34,38,329,13,1,316,135.5,10.0,-1.6,2.8,2.5,18,,20.5,,Philadelphia,United States,Philadelphia International Airport
2014-02-16,PHL,40,37,373,10,1,363,147.5,10.0,-6.0,-1.0,0.0,15,,19.1,,Philadelphia,United States,Philadelphia International Airport
2014-02-17,PHL,41,40,433,22,0,411,166.5,11.0,-7.1,1.1,0.0,15,,10.8,,Philadelphia,United States,Philadelphia International Airport
2014-02-18,PHL,40,39,424,35,0,389,163.0,11.0,-3.2,7.2,5.3,23,,9.7,,Philadelphia,United States,Philadelphia International Airport
2014-02-19,PHL,40,39,428,9,1,419,165.5,11.0,-2.7,7.8,9.1,13,,8.6,,Philadelphia,United States,Philadelphia International Airport
2014-02-20,PHL,41,40,430,8,2,422,165.5,11.0,-1.6,11.1,0.0,8,,8.3,,Philadelphia,United States,Philadelphia International Airport
2014-02-21,PHL,40,39,428,62,23,366,166.0,11.0,1.7,17.2,2.8,3,,11.9,,Philadelphia,United States,Philadelphia International Airport
2014-02-22,PHL,34,37,329,3,2,326,137.5,10.0,-0.5,15.0,0.0,0,,16.2,,Philadelphia,United States,Philadelphia International Airport
2014-02-23,PHL,40,37,378,2,1,376,155.5,10.0,3.3,13.9,0.0,0,,10.4,,Philadelphia,United States,Philadelphia International Airport
2014-02-24,PHL,41,40,430,1,0,429,170.5,11.0,-0.5,4.4,0.0,0,,23.0,,Philadelphia,United States,Philadelphia International Airport
2014-02-25,PHL,40,39,422,2,1,420,162.0,11.0,-3.2,1.7,0.0,0,,15.5,,Philadelphia,United States,Philadelphia International Airport
2014-02-26,PHL,40,39,430,8,1,422,166.5,11.0,-6.6,0.6,2.3,0,,16.9,,Philadelphia,United States,Philadelphia International Airport
2014-02-27,PHL,41,40,432,0,1,432,167.0,11.0,-8.8,1.7,0.0,0,,23.0,,Philadelphia,United States,Philadelphia International Airport
2014-02-28,PHL,40,39,428,1,3,427,164.0,11.0,-12.1,-3.2,0.0,0,,11.5,,Philadelphia,United States,Philadelphia International Airport
2014-03-01,PHL,34,37,330,1,1,329,141.5,10.0,-8.2,4.4,0.0,0,,6.5,,Philadelphia,United States,Philadelphia International Airport
2014-03-02,PHL,40,37,380,39,1,341,152.0,10.0,-0.5,5.6,1.0,0,,7.6,,Philadelphia,United States,Philadelphia International Airport
2014-03-03,PHL,41,40,432,128,0,304,146.5,11.0,-8.8,1.1,8.6,5,,18.4,,Philadelphia,United States,Philadelphia International Airport
2014-03-04,PHL,39,38,422,4,0,418,163.5,11.0,-11.0,-1.6,0.0,8,,8.6,,Philadelphia,United States,Philadelphia International Airport
2014-03-05,PHL,39,39,430,6,0,424,166.0,11.0,-7.1,5.6,0.0,8,,12.2,,Philadelphia,United States,Philadelphia International Airport
2014-03-06,PHL,40,39,441,10,1,431,168.0,11.0,-6.0,1.1,0.0,0,,18.4,,Philadelphia,United States,Philadelphia International Airport
2014-03-07,PHL,39,38,442,4,0,438,170.5,11.0,-2.7,4.4,0.0,0,,17.6,,Philadelphia,United States,Philadelphia International Airport
2014-03-08,PHL,34,37,356,1,0,355,149.5,10.0,1.7,14.4,0.0,0,,14.8,,Philadelphia,United States,Philadelphia International Airport
2014-03-09,PHL,39,36,402,5,1,397,163.0,11.0,3.3,8.9,0.3,0,,17.3,,Philadelphia,United States,Philadelphia International Airport
2014-03-10,PHL,40,39,444,3,1,441,177.0,11.0,2.2,13.3,0.0,0,,14.8,,Philadelphia,United States,Philadelphia International Airport
2014-03-11,PHL,38,37,431,2,1,429,167.5,11.0,3.3,18.3,0.0,0,,11.2,,Philadelphia,United States,Philadelphia International Airport
2014-03-12,PHL,38,37,433,14,0,419,167.0,11.0,-2.1,20.6,7.1,0,,20.9,,Philadelphia,United States,Philadelphia International Airport
2014-03-13,PHL,40,39,450,10,7,440,177.0,11.0,-6.0,0.6,0.0,0,,35.3,,Philadelphia,United States,Philadelphia International Airport
2014-03-14,PHL,39,38,448,5,2,443,173.5,11.0,-4.3,10.6,0.0,0,,18.7,,Philadelphia,United States,Philadelphia International Airport
2014-03-15,PHL,34,37,354,1,0,353,147.0,10.0,7.2,17.2,0.0,0,,23.8,,Philadelphia,United States,Philadelphia International Airport
2014-03-16,PHL,39,36,403,4,0,399,167.0,11.0,-0.5,7.2,0.0,0,,18.4,,Philadelphia,United States,Philadelphia International Airport
2014-03-17,PHL,40,39,446,14,0,432,171.5,11.0,-4.9,0.0,5.8,13,,17.3,,Philadelphia,United States,Philadelphia International Airport
2014-03-18,PHL,38,37,430,1,1,429,168.5,11.0,-1.0,7.8,0.0,8,,17.6,,Philadelphia,United States,Philadelphia International Airport
2014-03-19,PHL,38,37,437,2,1,435,171.5,11.0,1.7,8.9,17.0,0,,13.7,,Philadelphia,United States,Philadelphia International Airport
2014-03-20,PHL,40,39,450,2,1,448,176.0,11.0,3.3,13.3,0.0,0,,21.6,,Philadelphia,United States,Philadelphia International Airport
2014-03-21,PHL,39,38,447,6,0,441,171.0,11.0,1.1,12.8,0.0,0,,16.2,,Philadelphia,United States,Philadelphia International Airport
2014-03-22,PHL,34,37,353,4,2,349,142.5,10.0,1.7,20.0,0.0,0,,15.8,,Philadelphia,United States,Philadelphia International Airport
2014-03-23,PHL,40,36,404,1,0,403,172.5,11.0,-1.6,9.4,0.0,0,,19.1,,Philadelphia,United States,Philadelphia International Airport
2014-03-24,PHL,40,40,444,0,0,444,175.5,11.0,-4.9,2.2,0.0,0,,17.3,,Philadelphia,United States,Philadelphia International Airport
2014-03-25,PHL,38,37,431,0,1,431,171.5,11.0,-3.2,4.4,0.3,0,,10.8,,Philadelphia,United States,Philadelphia International Airport
2014-03-26,PHL,38,37,435,7,1,428,168.5,11.0,-2.1,2.8,0.0,0,,30.2,,Philadelphia,United States,Philadelphia International Airport
2014-03-27,PHL,40,39,451,6,1,445,179.0,11.0,-4.9,7.2,0.0,0,,13.3,,Philadelphia,United States,Philadelphia International Airport
2014-03-28,PHL,39,38,449,4,1,445,178.0,11.0,2.2,18.3,0.5,0,,21.2,,Philadelphia,United States,Philadelphia International Airport
2014-03-29,PHL,34,37,357,6,2,351,148.0,10.0,7.2,12.8,43.7,0,,16.6,,Philadelphia,United States,Philadelphia International Airport
2014-03-30,PHL,39,36,404,2,1,402,168.5,11.0,3.3,9.4,22.9,0,,24.5,,Philadelphia,United States,Philadelphia International Airport
2014-03-31,PHL,40,39,443,6,0,437,170.0,11.0,2.8,15.6,0.3,0,,27.7,,Philadelphia,United States,Philadelphia International Airport
